OBJECTID,province,district,ORIG_FID,X_coordinate,Y_coordinate
1,Çanakkale,Çan,1,26.9952812194824,40.0399208068848
2,Çanakkale,Ayvacık,2,26.3714199066162,39.5867881774902
3,Çanakkale,Bayramiç,3,26.6850700378418,39.8460845947266
4,Çanakkale,Biga,4,27.2247200012207,40.2771263122559
5,Çanakkale,Bozcaada,5,26.0339508056641,39.8257064819336
6,Çanakkale,Eceabat,6,26.328784942627,40.2370529174805
7,Çanakkale,Ezine,7,26.2910499572754,39.798210144043
8,Çanakkale,Gökçeada,8,25.8399467468262,40.1614875793457
9,Çanakkale,Gelibolu,9,26.7594680786133,40.5459594726563
10,Çanakkale,Lapseki,10,26.7867393493652,40.2693023681641
11,Çanakkale,Merkez,11,26.4906311035156,40.0513610839844
12,Çanakkale,Yenice,12,27.2870140075684,39.9535293579102
13,Çankiri,Çerkeş,13,32.8161964416504,40.831111907959
14,Çankiri,Atkaracalar,14,33.1337471008301,40.854305267334
15,Çankiri,Şabanözü,15,33.2725372314453,40.4793510437012
16,Çankiri,Bayramören,16,33.223575592041,41.0001411437988
17,Çankiri,Eldivan,17,33.5060691833496,40.5077819824219
18,Çankiri,Ilgaz,18,33.6974220275879,40.9323463439941
19,Çankiri,Kızılırmak,19,33.9952850341797,40.3684997558594
20,Çankiri,Korgun,20,33.4973220825195,40.7180976867676
21,Çankiri,Kurşunlu,21,33.3516731262207,40.8353729248047
22,Çankiri,Merkez,22,33.7720489501953,40.5204925537109
23,Çankiri,Orta,23,33.0937347412109,40.6380310058594
24,Çankiri,Yapraklı,24,33.9512252807617,40.7240600585938
25,Çorum,İskilip,25,34.4457664489746,40.7947540283203
26,Çorum,Alaca,26,34.9114456176758,40.158992767334
27,Çorum,Bayat,27,34.2124328613281,40.6708831787109
28,Çorum,Boğazkale,28,34.5917282104492,40.0569610595703
29,Çorum,Dodurga,29,34.7728500366211,40.8415565490723
30,Çorum,Kargı,30,34.5040512084961,41.1350784301758
31,Çorum,Laçin,31,34.9209213256836,40.7647972106934
32,Çorum,Mecitözü,32,35.2757110595703,40.4831809997559
33,Çorum,Merkez,33,34.8754692077637,40.4897537231445
34,Çorum,Oğuzlar,34,34.6582565307617,40.7886962890625
35,Çorum,Ortaköy,35,35.263298034668,40.2708358764648
36,Çorum,Osmancık,36,34.8449325561523,41.0069313049316
37,Çorum,Sungurlu,37,34.3226776123047,40.1950759887695
38,Çorum,Uğurludağ,38,34.4479484558105,40.4642868041992
39,Adana,İmamoğlu,39,35.6081657409668,37.259449005127
40,Adana,Aladağ,40,35.3877830505371,37.6666412353516
41,Adana,Ceyhan,41,35.768196105957,37.0118865966797
42,Adana,Feke,42,35.8217544555664,37.8714942932129
43,Adana,Karaisali,43,35.1428871154785,37.259147644043
44,Adana,Karataş,44,35.229133605957,36.6759796142578
45,Adana,Kozan,45,35.8409423828125,37.5368156433105
46,Adana,Pozantı,46,34.984302520752,37.5464820861816
47,Adana,Saimbeyli,47,36.1343650817871,37.9890060424805
48,Adana,Seyhan,48,35.1789817810059,36.9127616882324
49,Adana,Tufanbeyli,49,36.2612419128418,38.2709274291992
50,Adana,Yüreğir,50,35.4219665527344,36.9702224731445
51,Adana,Yumurtalık,51,35.6136283874512,36.7105712890625
52,Adiyaman,Çelikhan,52,38.3210144042969,38.0585861206055
53,Adiyaman,Besni,53,37.9021110534668,37.5809860229492
54,Adiyaman,Gölbaşı,54,37.598072052002,37.6982727050781
55,Adiyaman,Gerger,55,38.9931869506836,38.024341583252
56,Adiyaman,Kahta,56,38.6943397521973,37.7995147705078
57,Adiyaman,Merkez,57,38.2612838745117,37.7084159851074
58,Adiyaman,Samsat,58,38.4911842346191,37.5657043457031
59,Adiyaman,Sincik,59,38.5504150390625,38.040168762207
60,Adiyaman,Tut,60,37.9227828979492,37.794750213623
61,Afyon,İhsaniye,61,30.4699440002441,39.0295562744141
62,Afyon,İscehisar,62,30.7829933166504,38.9253883361816
63,Afyon,Çay,63,30.9829902648926,38.5200538635254
64,Afyon,Çobanlar,64,30.8276653289795,38.6850509643555
65,Afyon,Şuhut,65,30.6000518798828,38.4533309936523
66,Afyon,Başmakçı,66,30.0094795227051,37.867488861084
67,Afyon,Bayat,67,30.9254245758057,39.0251083374023
68,Afyon,Bolvadin,68,31.2193565368652,38.7749137878418
69,Afyon,"Dazkırı

",69,29.7832412719727,37.9193153381348
70,Afyon,Dinar,70,30.2505378723145,38.1396331787109
71,Afyon,Emirdağ,71,31.3402137756348,39.0282669067383
72,Afyon,Evciler,72,29.8711757659912,38.032600402832
73,Afyon,Hocalar,73,29.9492835998535,38.5802421569824
74,Afyon,Kızılören,74,30.1560020446777,38.2619934082031
75,Afyon,Merkez,75,30.5367050170898,38.7853775024414
76,Afyon,Sandıklı,76,30.1802787780762,38.4514007568359
77,Afyon,Sincanlı,77,30.2542037963867,38.7461357116699
78,Afyon,Sultandağı,78,31.4149608612061,38.6074295043945
79,Agri,Diyadin,79,43.6174774169922,39.477840423584
80,Agri,Doğubeyazıt,80,44.0361938476562,39.5777244567871
81,Agri,Eleşkirt,81,42.6912307739258,39.8251037597656
82,Agri,Hamur,82,43.0881004333496,39.501335144043
83,Agri,Merkez,83,43.1724357604981,39.8119163513184
84,Agri,Patnos,84,42.9133148193359,39.2166137695312
85,Agri,Taşlıçay,85,43.3847732543945,39.5895919799805
86,Agri,Tutak,86,42.7201805114746,39.5082092285156
87,Aksaray,Ağaçören,87,33.8406639099121,38.6513938903809
88,Aksaray,Eskil,88,33.4220237731934,38.2193603515625
89,Aksaray,Gülağaç,89,34.3206100463867,38.3629493713379
90,Aksaray,Güzelyurt,90,34.3228187561035,38.2309265136719
91,Aksaray,Merkez,91,33.865535736084,38.2844085693359
92,Aksaray,Ortaköy,92,34.1330299377441,38.6171875
93,Aksaray,"Sarıyahşi

",93,34.0372543334961,38.8577308654785
94,Amasya,Göynücek,94,35.5383758544922,40.3586730957031
95,Amasya,Gümüşhacıköy,95,35.210620880127,40.9096984863281
96,Amasya,Hamamözü,96,35.1207046508789,40.7600479125977
97,Amasya,Merkez,97,35.8973159790039,40.6083068847656
98,Amasya,Merzifon,98,35.4541778564453,40.8178405761719
99,Amasya,Suluova,99,35.7469100952148,40.7780952453613
100,Amasya,Taşova,100,36.2854995727539,40.7649726867676
101,Ankara,Çamlıdere,101,32.441780090332,40.4645462036133
102,Ankara,Çankaya,102,32.833553314209,39.8782768249512
103,Ankara,Çubuk,103,33.0231552124023,40.2671394348145
104,Ankara,Akyurt,104,33.1613616943359,40.0608329772949
105,Ankara,Altındağ,105,32.9961471557617,39.9833908081055
106,Ankara,Ayaş,106,32.2911262512207,40.0083465576172
107,Ankara,Şultan Koçhisar,107,33.549015045166,38.9536933898926
108,Ankara,Bala,108,33.0959281921387,39.5094184875488
109,Ankara,Beypazarı,109,31.9286918640137,40.1486282348633
110,Ankara,Elmadağ,110,33.3001518249512,39.8775749206543
111,Ankara,Etimesgut,111,32.6259574890137,39.9101066589355
112,Ankara,Evren,112,33.8227844238281,38.9788131713867
113,Ankara,Gölbaşı,113,32.8128204345703,39.6426200866699
114,Ankara,Güdül,114,32.2419357299805,40.2140769958496
115,Ankara,Haymana,115,32.5935668945313,39.3185195922852
116,Ankara,Kızılcahamam,116,32.6636962890625,40.4436645507812
117,Ankara,Kalecik,117,33.4550399780273,40.1585426330566
118,Ankara,Kazan,118,32.6496658325195,40.1435279846191
119,Ankara,Keçiören,119,32.8264999389648,40.0538597106934
120,Ankara,Mamak,120,33.0102157592773,39.8676414489746
121,Ankara,Nallıhan,121,31.316427230835,40.1817588806152
122,Ankara,Polatlı,122,32.169319152832,39.5147399902344
123,Ankara,"Sincan

",123,32.5007362365723,39.9539566040039
124,Ankara,Yenimahalle,124,32.6565399169922,39.8842658996582
125,Antalya,İbradi,125,31.5628852844238,37.1485137939453
126,Antalya,Akseki,126,31.8479309082031,37.0533752441406
127,Antalya,Alanya,127,32.2019538879395,36.5875549316406
128,Antalya,Elmalı,128,29.8883247375488,36.7360038757324
129,Antalya,Finike,129,30.030912399292,36.433422088623
130,Antalya,Gündoğmuş,130,32.0749092102051,36.8219528198242
131,Antalya,Gazipaşa,131,32.4811706542969,36.3246116638184
132,Antalya,Kaş,132,29.5986328125,36.3790740966797
133,Antalya,Kale,133,29.9107456207275,36.2752113342285
134,Antalya,Kemer,134,30.4749927520752,36.5369262695312
135,Antalya,Korkuteli,135,30.177734375,37.0524520874023
136,Antalya,Kumluca,136,30.2855529785156,36.5240364074707
137,Antalya,Manavgat,137,31.3691921234131,37.0231742858887
138,Antalya,Merkez,138,30.6362457275391,36.9786033630371
139,Antalya,Serik,139,31.01540184021,37.0959854125977
140,Ardahan,Çıldır,140,43.0966491699219,41.156925201416
141,Ardahan,Damal,141,42.8466567993164,41.3615455627441
142,Ardahan,Göle,142,42.6281089782715,40.8373489379883
143,Ardahan,Hanak,143,42.7727546691895,41.2608261108398
144,Ardahan,Merkez,144,42.6955070495606,41.064582824707
145,Ardahan,Posof,145,42.6896591186523,41.4692192077637
146,Artvin,Ardanuç,146,42.1399917602539,41.0884552001953
147,Artvin,Arhavi,147,41.3541221618652,41.2343597412109
148,Artvin,Şavşat,148,42.303279876709,41.3229331970215
149,Artvin,Borçka,149,41.780632019043,41.3806304931641
150,Artvin,Hopa,150,41.4717559814453,41.3985748291016
151,Artvin,Merkez,151,41.8290100097656,41.1435470581055
152,Artvin,Murgul,152,41.5357704162598,41.1983985900879
153,Artvin,Yusufeli,153,41.5809326171875,40.8329963684082
154,Aydin,İncirliova,154,27.7412719726563,37.8822364807129
155,Aydin,Çine,155,28.0340824127197,37.6106071472168
156,Aydin,Bozdoğan,156,28.410587310791,37.6664505004883
157,Aydin,Buharkent,157,28.791919708252,37.9963569641113
158,Aydin,Didim,158,27.3062725067139,37.4387245178223
159,Aydin,Germencik,159,27.5580215454102,37.8907890319824
160,Aydin,Köşk,160,28.1067447662353,37.9426574707031
161,Aydin,Karacasu,161,28.677806854248,37.7359733581543
162,Aydin,Karpuzlu,162,27.8112888336182,37.5411605834961
163,Aydin,Koçarlı,163,27.6926136016846,37.6914672851562
164,Aydin,Kuşadası,164,27.3102798461914,37.8081321716309
165,Aydin,Kuyucak,165,28.6413516998291,37.9551620483398
166,Aydin,Merkez,166,27.9487342834473,37.8607597351074
167,Aydin,Nazilli,167,28.4372158050537,37.9647369384766
168,Aydin,Söke,168,27.3841762542725,37.6471099853516
169,Aydin,Sultanhisar,169,28.2314128875732,37.9203491210937
170,Aydin,Yenipazar,170,28.1959190368652,37.7914161682129
171,Balikesir,İvrindi,171,27.4221973419189,39.520206451416
172,Balikesir,Ayvalık,172,26.792423248291,39.2846603393555
173,Balikesir,Balya,173,27.5719127655029,39.7884788513184
174,Balikesir,Bandırma,174,27.9902534484863,40.2757682800293
175,Balikesir,Bigadiç,175,28.2210254669189,39.417552947998
176,Balikesir,Burhaniye,176,27.0260334014893,39.4592094421387
177,Balikesir,Dursunbey,177,28.6344089508057,39.5193252563477
178,Balikesir,Edremit,178,26.9361362457275,39.6725654602051
179,Balikesir,Erdek,179,27.8533134460449,40.4600982666016
180,Balikesir,Gömeç,180,26.9137554168701,39.3773956298828
181,Balikesir,Gönen,181,27.6498832702637,40.1183090209961
182,Balikesir,Havran,182,27.2073287963867,39.6036415100098
183,Balikesir,Kepsut,183,28.2473926544189,39.6936721801758
184,Balikesir,Manyas,184,27.9368648529053,40.0479927062988
185,Balikesir,Marmara,185,27.604061126709,40.5852012634277
186,Balikesir,Merkez,186,27.8698062896729,39.639274597168
187,Balikesir,Sındırgı,187,28.2624626159668,39.2221908569336
188,Balikesir,Savaştepe,188,27.6433506011963,39.440113067627
189,Balikesir,Susurluk,189,28.1324825286865,39.9054145812988
190,Bartın,Amasra,190,32.3981628417969,41.6996231079102
191,Bartın,Kurucaşile,191,32.6070137023926,41.7709770202637
192,Bartın,Merkez,192,32.3526420593262,41.5199584960938
193,Bartın,Ulus,193,32.6272621154785,41.4984512329102
194,Batman,Beşiri,194,41.4157867431641,37.9057884216309
195,Batman,Gercüş,195,41.3234176635742,37.6462097167969
196,Batman,Hasankeyf,196,41.5331115722656,37.7209091186523
197,Batman,Kozluk,197,41.4741477966309,38.1840629577637
198,Batman,Merkez,198,41.2153625488281,37.8477096557617
199,Batman,Sason,199,41.4281997680664,38.3943557739258
200,Bayburt,Aydıntepe,200,40.1551170349121,40.406681060791
201,Bayburt,Demirözü,201,39.8470726013184,40.0868530273438
202,Bayburt,Merkez,202,40.3172836303711,40.2352638244629
203,Bilecik,İnhisar,203,30.4332904815674,40.0544776916504
204,Bilecik,Bozüyük,204,29.9255619049072,39.8499298095703
205,Bilecik,Gölpazarı,205,30.3282222747803,40.2869033813477
206,Bilecik,Merkez,206,29.9505443572998,40.1837387084961
207,Bilecik,Osmaneli,207,29.9845924377441,40.3913345336914
208,Bilecik,Pazaryeri,208,29.8366470336914,40.0280532836914
209,Bilecik,Söğüt,209,30.2270030975342,40.036262512207
210,Bilecik,Yenipazar,210,30.562068939209,40.2225685119629
211,Bingöl,Adaklı,211,40.5999450683594,39.2653541564941
212,Bingöl,Genç,212,40.6719398498535,38.6799964904785
213,Bingöl,Karlıova,213,40.979434967041,39.2881393432617
214,Bingöl,Kiğı,214,40.346134185791,39.2806854248047
215,Bingöl,Merkez,215,40.5766983032227,38.9565353393555
216,Bingöl,Solhan,216,41.0824127197266,38.9408226013184
217,Bingöl,Yayladere,217,40.1390380859375,39.2142601013184
218,Bingöl,Yedisu,218,40.6417045593262,39.4550704956055
219,Bitlis,Adilcevaz,219,42.884090423584,38.8437843322754
220,Bitlis,Ahlat,220,42.3310470581055,38.8080444335937
221,Bitlis,Güroymak,221,42.0681343078613,38.585132598877
222,Bitlis,"Hizan

",222,42.5794563293457,38.1729698181152
223,Bitlis,Merkez,223,42.0867347717285,38.3017082214355
224,Bitlis,Mutki,224,41.7814865112305,38.4264106750488
225,Bitlis,Tatvan,225,42.5182838439941,38.5180015563965
226,Bolu,Dörtdivan,226,32.0153007507324,40.6255683898926
227,Bolu,Göynük,227,30.8314380645752,40.3552665710449
228,Bolu,Gerede,228,32.2894248962402,40.6775016784668
229,Bolu,Kıbrıscık,229,31.8882236480713,40.4577293395996
230,Bolu,Mengen,230,31.9909572601318,40.9399108886719
231,Bolu,Merkez,231,31.6731414794922,40.7207336425781
232,Bolu,Mudurnu,232,31.2171535491943,40.5182876586914
233,Bolu,Seben,233,31.5840454101563,40.4369697570801
234,Bolu,Yeniçağa,234,31.9921951293945,40.8093757629395
235,Burdur,Çavdır,235,29.7194061279297,37.1299934387207
236,Burdur,Çeltikçi,236,30.4469356536865,37.5442962646484
237,Burdur,Ağlasun,237,30.5932102203369,37.6319465637207
238,Burdur,Altınyayla,238,29.5441398620605,37.0417404174805
239,Burdur,Bucak,239,30.5887756347656,37.378589630127
240,Burdur,Gölhisar,240,29.5221462249756,37.1884574890137
241,Burdur,Karamanlı,241,29.8509140014648,37.4039039611816
242,Burdur,Kemer,242,30.1048107147217,37.373950958252
243,Burdur,Merkez,243,30.2261638641357,37.6282157897949
244,Burdur,Tefenni,244,29.7735862731934,37.2930488586426
245,Burdur,Yeşilova,245,29.7847747802734,37.5908737182617
246,Bursa,İnegöl,246,29.5227699279785,40.0349884033203
247,Bursa,İznik,247,29.6817302703857,40.4896583557129
248,Bursa,Büyükorhan,248,28.8407611846924,39.7422256469727
249,Bursa,Gürsu,249,29.1791954040527,40.265064239502
250,Bursa,Gemlik,250,29.1507701873779,40.4330863952637
251,Bursa,Harmancık,251,29.1103992462158,39.6542091369629
252,Bursa,Karacabey,252,28.3662605285645,40.2506141662598
253,Bursa,Keles,253,29.2223224639893,39.8908805847168
254,Bursa,Kestel,254,29.2548427581787,40.1892051696777
255,Bursa,Mudanya,255,28.7612571716309,40.3294219970703
256,Bursa,Mustafa Kemalpaşa,256,28.5125293731689,39.9758949279785
257,Bursa,Nilüfer,257,28.8905982971191,40.2220420837402
258,Bursa,Orhaneli,258,28.9166526794434,39.9262962341309
259,Bursa,Orhangazi,259,29.3501148223877,40.4687690734863
260,Bursa,Osmangazi,260,29.0701904296875,40.0818328857422
261,Bursa,Yıldırım,261,29.0851249694824,40.1844902038574
262,Bursa,Yenişehir,262,29.5914096832275,40.2803192138672
263,Düzce,Çilimli,263,31.0926151275635,40.9094390869141
264,Düzce,Akçakoca,264,31.2033157348633,41.0457801818848
265,Düzce,Cumayeri,265,30.9782695770264,40.9170036315918
266,Düzce,Gölyaka,266,31.0446929931641,40.7516326904297
267,Düzce,Gümüşova,267,30.9661178588867,40.8402824401856
268,Düzce,Kaynaşlı,268,31.2765369415283,40.7372779846191
269,Düzce,Merkez,269,31.2604198455811,40.8908653259277
270,Düzce,Yığılca,270,31.5333766937256,40.9677124023438
271,Denizli,Çal,271,29.352445602417,38.0222663879395
272,Denizli,Çameli,272,29.2336254119873,37.0175552368164
273,Denizli,Çardak,273,29.6948394775391,37.7505149841309
274,Denizli,Çivril,274,29.7780933380127,38.2222747802734
275,Denizli,Acıpayam,275,29.3339653015137,37.3393325805664
276,Denizli,Akköy,276,29.0860271453857,37.9410400390625
277,Denizli,Babadağ,277,28.8980369567871,37.7711143493652
278,Denizli,Baklan,278,29.5456275939941,37.9245948791504
279,Denizli,Bekilli,279,29.4363498687744,38.1874694824219
280,Denizli,Beyağaç,280,28.9225463867187,37.245002746582
281,Denizli,Bozkurt,281,29.5410251617432,37.740665435791
282,Denizli,Buldan,282,28.8761520385742,38.0958709716797
283,Denizli,Güney,283,29.0638732910156,38.1427230834961
284,Denizli,Honaz,284,29.3290405273437,37.7341728210449
285,Denizli,Kale,285,28.7491283416748,37.4376640319824
286,Denizli,Merkez,286,29.1323413848877,37.7937240600586
287,Denizli,Sarayköy,287,28.9128856658936,37.898365020752
288,Denizli,Serinhisar,288,29.2811412811279,37.5528182983398
289,Denizli,"Tavas

",289,29.0142192840576,37.4642105102539
290,Diyarbakir,Çınar,290,40.1871185302734,37.7125511169434
291,Diyarbakir,Çüngüş,291,39.3086204528809,38.2668914794922
292,Diyarbakir,Çermik,292,39.4631843566894,38.0889472961426
293,Diyarbakir,Bismil,293,40.8033256530762,37.8993988037109
294,Diyarbakir,Dicle,294,40.1146430969238,38.3824729919434
295,Diyarbakir,Eğil,295,40.1398620605469,38.2167587280273
296,Diyarbakir,Ergani,296,39.7566566467285,38.1591987609863
297,Diyarbakir,Hani,297,40.4253234863281,38.3959426879883
298,Diyarbakir,Hazro,298,40.78369140625,38.2605209350586
299,Diyarbakir,Kocaköy,299,40.5385360717773,38.2537231445312
300,Diyarbakir,Kulp,300,41.1417198181152,38.5120468139648
301,Diyarbakir,Lice,301,40.6880760192871,38.4639129638672
302,Diyarbakir,Merkez,302,40.2193336486816,38.0110244750977
303,Diyarbakir,Silvan,303,40.9831657409668,38.1609916687012
304,Edirne,İpsala,304,26.4028644561768,40.9256744384766
305,Edirne,Enez,305,26.2009925842285,40.6835746765137
306,Edirne,Havsa,306,26.8392677307129,41.566837310791
307,Edirne,Keşan,307,26.5775947570801,40.7910842895508
308,Edirne,Lalapaşa,308,26.7638397216797,41.9000549316406
309,Edirne,Meriç,309,26.4301624298096,41.1859550476074
310,Edirne,Merkez,310,26.5861015319824,41.6969261169434
311,Edirne,Süleoğlu,311,26.8870792388916,41.7983436584473
312,Edirne,Uzunköprü,312,26.7200584411621,41.2396087646484
313,Elazığ,Ağın,313,38.6967811584473,38.936466217041
314,Elazığ,Alacakaya,314,39.8532829284668,38.5005340576172
315,Elazığ,Aricak,315,40.1365242004395,38.5449676513672
316,Elazığ,Baskil,316,38.643367767334,38.5608825683594
317,Elazığ,Karakoçan,317,40.1113662719727,38.9950332641602
318,Elazığ,Keban,318,38.7563133239746,38.763599395752
319,Elazığ,Kovancılar,319,39.8337364196777,38.7497711181641
320,Elazığ,Maden,320,39.5646934509277,38.4501724243164
321,Elazığ,Merkez,321,39.2074661254883,38.6647071838379
322,Elazığ,Palu,322,40.0713539123535,38.6838912963867
323,Elazığ,Sivrice,323,39.1288681030273,38.421142578125
324,Erzincan,İliç,324,38.5666160583496,39.5238876342773
325,Erzincan,Çayırlı,325,39.9319305419922,39.8131065368652
326,Erzincan,Üzümlü,326,39.8352241516113,39.672119140625
327,Erzincan,Kemah,327,39.0280799865723,39.6038208007812
328,Erzincan,Kemaliye,328,38.5978202819824,39.2216110229492
329,Erzincan,Merkez,329,39.4614067077637,39.7090721130371
330,Erzincan,Otlukbeli,330,40.0901603698731,39.983959197998
331,Erzincan,Refahiye,331,38.7590141296387,39.8749465942383
332,Erzincan,Tercan,332,40.3540344238281,39.7064018249512
333,Erzurum,"İspir

",333,41.010440826416,40.5390319824219
334,Erzurum,Çat,334,40.9267463684082,39.6443481445312
335,Erzurum,Aşkale,335,40.6328468322754,39.9151420593262
336,Erzurum,Şenkaya,336,42.3487167358398,40.5664558410645
337,Erzurum,Hınıs,337,41.7194366455078,39.3547821044922
338,Erzurum,Horasan,338,42.2093391418457,40.0376815795898
339,Erzurum,Ilıca,339,40.9658622741699,40.0605125427246
340,Erzurum,Köprüköy,340,41.9330787658691,39.9335289001465
341,Erzurum,Karaçoban,341,42.0445938110352,39.3270111083984
342,Erzurum,Karayazı,342,42.1316757202149,39.6416282653809
343,Erzurum,Merkez,343,41.2956390380859,40.0169372558594
344,Erzurum,Narman,344,41.8767967224121,40.3038749694824
345,Erzurum,Oltu,345,41.9584045410156,40.5411834716797
346,Erzurum,Olur,346,42.1452407836914,40.8497123718262
347,Erzurum,Pasinler,347,41.655387878418,40.0017585754395
348,Erzurum,Pazaryolu,348,40.6585006713867,40.4441070556641
349,Erzurum,Tekman,349,41.4292221069336,39.6075325012207
350,Erzurum,Tortum,350,41.3929786682129,40.375904083252
351,Erzurum,Uzundere,351,41.6175918579102,40.5765037536621
352,Eskisehir,İnönü,352,30.1426544189453,39.7802543640137
353,Eskisehir,Çifteler,353,31.0792770385742,39.3246841430664
354,Eskisehir,Alpu,354,31.0724983215332,39.8398818969727
355,Eskisehir,Beylikova,355,31.2841777801514,39.7313690185547
356,Eskisehir,Günyüzü,356,31.8749618530273,39.4335060119629
357,Eskisehir,Han,357,30.7881336212158,39.2141227722168
358,Eskisehir,Mahmudiye,358,31.0280876159668,39.543384552002
359,Eskisehir,Merkez,359,30.5860767364502,39.7689399719238
360,Eskisehir,Mihalıçcık,360,31.5307750701904,39.8748626708984
361,Eskisehir,Mihalgazi,361,30.6156978607178,40.0122528076172
362,Eskisehir,Sarıcakaya,362,30.7124671936035,40.0944557189941
363,Eskisehir,Seyitgazi,363,30.6225070953369,39.3805274963379
364,Eskisehir,Sivrihisar,364,31.5441741943359,39.400505065918
365,Gümüshane,Şiran,365,39.0908699035644,40.181827545166
366,Gümüshane,Köse,366,39.6797256469727,40.1877593994141
367,Gümüshane,"Kürtün

",367,39.0239677429199,40.6260528564453
368,Gümüshane,Kelkit,368,39.4365425109863,40.0456733703613
369,Gümüshane,Merkez,369,39.6816749572754,40.4455528259277
370,Gümüshane,Torul,370,39.2110710144043,40.4950904846191
371,Gaziantep,İslahiye,371,36.6876754760742,36.9784240722656
372,Gaziantep,Araban,372,37.7955780029297,37.4381866455078
373,Gaziantep,Şahinbey,373,37.275749206543,36.9848785400391
374,Gaziantep,Şehitkamil,374,37.3480529785156,37.1812324523926
375,Gaziantep,Karkamış,375,37.879566192627,36.819221496582
376,Gaziantep,Nizip,376,37.7712745666504,37.0051116943359
377,Gaziantep,Nurdağı,377,36.8617935180664,37.1641464233398
378,Gaziantep,"Oğuzeli

",378,37.5378646850586,36.8321647644043
379,Gaziantep,Yavuzeli,379,37.6444702148437,37.2967643737793
380,Giresun,Çamoluk,380,38.7685699462891,40.1276893615723
381,Giresun,Çanakçı,381,39.0175361633301,40.8360748291016
382,Giresun,Alucra,382,38.7776145935059,40.3830108642578
383,Giresun,Şultan Karahisar,383,38.4314765930176,40.3232765197754
384,Giresun,Bulancak,384,38.1954956054687,40.7468032836914
385,Giresun,Dereli,385,38.4124374389648,40.6124610900879
386,Giresun,Doğankent,386,38.940673828125,40.7558631896973
387,Giresun,Espiye,387,38.7307510375977,40.8727416992187
388,Giresun,Eynesil,388,39.1045532226562,40.9956741333008
389,Giresun,Görele,389,38.8513145446777,40.9317779541016
390,Giresun,Güce,390,38.8047103881836,40.6675567626953
391,Giresun,Keşap,391,38.5559844970703,40.8584251403809
392,Giresun,Merkez,392,38.3838958740234,40.8098640441895
393,Giresun,Piraziz,393,38.1208763122559,40.8590621948242
394,Giresun,Tirebolu,394,39.0047874450684,40.9648551940918
395,Giresun,Yağlıdere,395,38.6819190979004,40.7501678466797
396,Hakkari,Çukurca,396,43.6758041381836,37.3013305664062
397,Hakkari,Şemdinli,397,44.4840660095215,37.2687149047852
398,Hakkari,Merkez,398,43.7155570983887,37.5142974853516
399,Hakkari,Yüksekova,399,44.225456237793,37.551326751709
400,Hatay,İskenderun,400,36.0551910400391,36.4736862182617
401,Hatay,Altınözü,401,36.2773895263672,36.0773620605469
402,Hatay,Belen,402,36.1666526794434,36.4630355834961
403,Hatay,Dörtyol,403,36.2996940612793,36.8210334777832
404,Hatay,Erzin,404,36.117359161377,36.9569053649902
405,Hatay,Hassa,405,36.506103515625,36.7651481628418
406,Hatay,Kırıkhan,406,36.4072914123535,36.49365234375
407,Hatay,Kumlu,407,36.5489845275879,36.3493347167969
408,Hatay,Merkez,408,36.136417388916,36.2412567138672
409,Hatay,Reyhanlı,409,36.4766235351563,36.2647094726562
410,Hatay,Samandağ,410,35.9538650512695,36.1774711608887
411,Hatay,Yayladağı,411,36.0812759399414,35.9360733032227
412,Iğdır,"Aralık

",412,44.4501953125,39.8190994262695
413,Iğdır,Karakoyunlu,413,44.2466545104981,40.0045318603516
414,Iğdır,Merkez,414,44.0369987487793,39.8610382080078
415,Iğdır,"Tuzluca

",415,43.5646858215332,39.9899559020996
416,Isparta,Aksu,416,31.2285079956055,37.7195854187012
417,Isparta,Atabey,417,30.6152191162109,37.9537506103516
418,Isparta,Şarkikaraağaç,418,31.3747444152832,38.0587387084961
419,Isparta,Eğirdir,419,30.9108276367188,37.8220520019531
420,Isparta,Gönen,420,30.4478187561035,37.9455375671387
421,Isparta,Gelendost,421,31.0549163818359,38.0783348083496
422,Isparta,Keçiborlu,422,30.250524520874,37.8784294128418
423,Isparta,Merkez,423,30.6017742156982,37.8020706176758
424,Isparta,Sütçüler,424,31.0841579437256,37.5163688659668
425,Isparta,Senirkent,425,30.6774101257324,38.1271553039551
426,Isparta,Uluborlu,426,30.4769229888916,38.0819969177246
427,Isparta,Yalvaç,427,31.0970611572266,38.2959136962891
428,Isparta,Yenişarbademli,428,31.3641986846924,37.8000411987305
429,Istanbul,Çatalca,429,28.4039497375488,41.3036804199219
430,Istanbul,Çekmekoy,430,29.2786540985107,41.0815315246582
431,Istanbul,Adalar,431,29.0958919525146,40.8708419799805
432,Istanbul,Ümraniye,432,29.123291015625,41.0372848510742
433,Istanbul,Üsküdar,433,28.2874240875244,41.158821105957
434,Istanbul,Arnavutkoy,434,28.6924419403076,41.2231712341309
435,Istanbul,Atasehir,435,29.1174068450928,41.0033645629883
436,Istanbul,Avcılar,436,28.7265033721924,41.0216636657715
437,Istanbul,Şişli,437,28.9885997772217,41.1057891845703
438,Istanbul,Şile,438,29.5819129943848,41.1071166992187
439,Istanbul,Büyükçekmece,439,28.5547943115234,41.0488739013672
440,Istanbul,Bağcılar,440,28.8384571075439,41.0458831787109
441,Istanbul,Bahçelievler,441,28.8359279632568,41.013298034668
442,Istanbul,Bakırköy,442,28.8270359039307,40.983642578125
443,Istanbul,Basaksehir,443,28.7734394073486,41.094654083252
444,Istanbul,Bayrampaşa,444,28.8951225280762,41.0550956726074
445,Istanbul,Beşiktaş,445,29.0187587738037,41.0707397460938
446,Istanbul,Beykoz,446,29.2022037506104,41.1521072387695
447,Istanbul,Beylikduzu,447,28.6491813659668,40.9861564636231
448,Istanbul,Beyoğlu,448,28.9669532775879,41.0407333374023
449,Istanbul,Esenler,449,28.8675422668457,41.0649871826172
450,Istanbul,Esenyurt,450,28.6714344024658,41.0456733703613
451,Istanbul,Eyüp,451,28.8990898132324,41.190860748291
452,Istanbul,Fatih,452,28.9412860870361,41.0140647888184
453,Istanbul,Güngören,453,28.8744049072266,41.0240211486816
454,Istanbul,Gaziosmanpaşa,454,28.9047966003418,41.0752105712891
455,Istanbul,Küçükçekmece,455,28.7797336578369,41.0297508239746
456,Istanbul,Kağıthane,456,28.9695110321045,41.0852928161621
457,Istanbul,Kadıköy,457,29.0487937927246,40.9951438903809
458,Istanbul,Kartal,458,29.1795425415039,40.9325675964355
459,Istanbul,Maltepe,459,29.1374759674072,40.9671745300293
460,Istanbul,Pendik,460,29.3243045806885,40.9706420898438
461,Istanbul,Sancaktepe,461,29.2468090057373,41.0232276916504
462,Istanbul,Sarıyer,462,29.0278816223145,41.1918640136719
463,Istanbul,Sultanbeyli,463,29.2569789886475,40.9825286865234
464,Istanbul,Sultangazi,464,28.8808708190918,41.1171684265137
465,Istanbul,Tuzla,465,29.3486251831055,40.9199180603027
466,Istanbul,Zeytinburnu,466,28.8993263244629,41.0064239501953
467,Izmir,Ödemiş,467,27.9859199523926,38.2161674499512
468,Izmir,Çeşme,468,26.3794898986816,38.280101776123
469,Izmir,"Çiğli

",469,26.991325378418,38.4866523742676
470,Izmir,Aliağa,470,27.0366249084473,38.8098449707031
471,Izmir,Balçova,471,27.0614986419678,38.3842582702637
472,Izmir,Bayındır,472,27.6509380340576,38.2616920471191
473,Izmir,Bergama,473,27.1902809143066,39.1731491088867
474,Izmir,Beydağ,474,28.2301940917969,38.080078125
475,Izmir,"Bornova

",475,27.2610473632812,38.4851455688477
476,Izmir,Buca,476,27.2603244781494,38.3470764160156
477,Izmir,Dikili,477,26.9076633453369,39.0693855285645
478,Izmir,Foça,478,26.8316402435303,38.6836700439453
479,Izmir,Güzelbahçe,479,26.8970737457275,38.3335075378418
480,Izmir,Gaziemir,480,27.1507873535156,38.3187408447266
481,Izmir,Kınık,481,27.3697242736816,39.0608596801758
482,Izmir,Karaburun,482,26.4772453308105,38.5549354553223
483,Izmir,Karşıyaka,483,27.1271572113037,38.4977149963379
484,Izmir,Kemalpaşa,484,27.4867687225342,38.4225616455078
485,Izmir,Kiraz,485,28.3143405914307,38.2099342346191
486,Izmir,Konak,486,27.1306781768799,38.3844718933105
487,Izmir,Menderes,487,27.1130123138428,38.1561660766602
488,Izmir,Menemen,488,27.0651054382324,38.6305084228516
489,Izmir,Narlıdere,489,27.0000877380371,38.3662414550781
490,Izmir,Seferihisar,490,26.8753623962402,38.1708755493164
491,Izmir,Selçuk,491,27.3575229644775,37.9602394104004
492,Izmir,Tire,492,27.6979427337646,38.0648689270019
493,Izmir,Torbalı,493,27.3572864532471,38.1807823181152
494,Izmir,Urla,494,26.6288318634033,38.3051300048828
495,K. Maras,Çağlayancerit,495,37.2793884277344,37.7356491088867
496,K. Maras,Afşin,496,36.8691596984863,38.3950233459473
497,K. Maras,Andırın,497,36.4104499816895,37.601448059082
498,K. Maras,Ekinözü,498,37.1021041870117,38.0121459960937
499,K. Maras,Elbistan,499,37.3658447265625,38.2901229858398
500,K. Maras,Göksun,500,36.6197929382324,38.0948143005371
501,K. Maras,Merkez,501,36.8479690551758,37.6634483337402
502,K. Maras,Nurhak,502,37.3915519714355,37.9285163879395
503,K. Maras,Pazarcık,503,37.3014984130859,37.4575080871582
504,K. Maras,Türkoğlu,504,36.7851486206055,37.3761367797852
505,Kütahya,Çavdarhisar,505,29.5925922393799,39.1642951965332
506,Kütahya,Altıntaş,506,29.9998683929443,39.0134887695312
507,Kütahya,Aslanapa,507,29.7859516143799,39.180233001709
508,Kütahya,Şaphane,508,29.1539306640625,38.9407501220703
509,Kütahya,Domaniç,509,29.5442047119141,39.8155670166016
510,Kütahya,Dumlupınar,510,29.9911270141602,38.8311195373535
511,Kütahya,Emet,511,29.3308277130127,39.3246994018555
512,Kütahya,Gediz,512,29.3950881958008,38.9502830505371
513,Kütahya,Hisarcık,513,29.1806163787842,39.2005958557129
514,Kütahya,Merkez,514,30.0581798553467,39.4143180847168
515,Kütahya,Pazarlar,515,29.0707225799561,38.9308319091797
516,Kütahya,Simav,516,28.9308834075928,39.2047653198242
517,Kütahya,Tavşanlı,517,29.44797706604,39.5631942749023
518,Karabük,Eflani,518,32.9018745422363,41.4175605773926
519,Karabük,Eskipazar,519,32.5208168029785,40.9674987792969
520,Karabük,Merkez,520,32.5415153503418,41.1164436340332
521,Karabük,Ovacık,521,32.9154968261719,41.0839805603027
522,Karabük,Safranbolu,522,32.7082595825195,41.2916717529297
523,Karabük,Yenice,523,32.2325744628906,41.1244316101074
524,Karaman,Ayrancı,524,33.7149467468262,37.2974853515625
525,Karaman,Başyayla,525,32.7135696411133,36.7108192443848
526,Karaman,Ermenek,526,32.8891563415527,36.6047439575195
527,Karaman,Kazımkarabekir,527,32.7925834655762,37.0709266662598
528,Karaman,Merkez,528,33.179931640625,37.1351089477539
529,Karaman,Sarıveliler,529,32.5758781433105,36.6505393981934
530,Kars,Akyaka,530,43.6217994689941,40.8430213928223
531,Kars,Arpaçay,531,43.358642578125,40.9647026062012
532,Kars,Digor,532,43.4557800292969,40.4038162231445
533,Kars,Kağızman,533,43.1125564575195,40.1834106445313
534,Kars,Merkez,534,43.260383605957,40.6224365234375
535,Kars,Sarıkamış,535,42.562198638916,40.1968040466309
536,Kars,Selim,536,42.772891998291,40.501651763916
537,Kars,Susuz,537,43.0522537231445,40.8341522216797
538,Kastamonu,İhsangazi,538,33.6433067321777,41.1803092956543
539,Kastamonu,İnebolu,539,33.7182884216309,41.9129867553711
540,Kastamonu,Çatalzeytin,540,34.144229888916,41.8538665771484
541,Kastamonu,Ağlı,541,33.55078125,41.6758766174316
542,Kastamonu,Abana,542,33.9862327575684,41.9518280029297
543,Kastamonu,Araç,543,33.2855415344238,41.1948051452637
544,Kastamonu,Azdavay,544,33.3372650146484,41.7139778137207
545,Kastamonu,Şenpazar,545,33.202465057373,41.815845489502
546,Kastamonu,Bozkurt,546,33.9570426940918,41.8741989135742
547,Kastamonu,Cide,547,32.9822387695312,41.8285903930664
548,Kastamonu,Daday,548,33.3234100341797,41.4702758789062
549,Kastamonu,Devrekani,549,33.9080085754395,41.6648674011231
550,Kastamonu,Doğanyurt,550,33.4135093688965,41.947193145752
551,Kastamonu,Hanönü,551,34.4403991699219,41.6496505737305
552,Kastamonu,Küre,552,33.6625633239746,41.7999420166016
553,Kastamonu,Merkez,553,33.8591575622559,41.3115158081055
554,Kastamonu,Pınarbası,554,33.0060768127441,41.6359786987305
555,Kastamonu,Seydiler,555,33.6844139099121,41.6146583557129
556,Kastamonu,Taşköprü,556,34.2178688049316,41.4668121337891
557,Kastamonu,Tosya,557,34.057430267334,40.9999504089356
558,Kayseri,Özvatan,558,35.7290725708008,39.1770401000977
559,Kayseri,İncesu,559,35.2134628295898,38.6881828308105
560,Kayseri,Akkışla,560,36.1881828308105,39.0210151672363
561,Kayseri,Bünyan,561,35.9080123901367,38.836124420166
562,Kayseri,Develi,562,35.6797752380371,38.3415565490723
563,Kayseri,Felahiye,563,35.4924201965332,39.0751609802246
564,Kayseri,Hacılar,564,35.4082374572754,38.6880531311035
565,Kayseri,Kocasinan,565,35.3869285583496,38.9039840698242
566,Kayseri,Melikgazi,566,35.4628601074219,38.7398681640625
567,Kayseri,"Pınarbaşı

",567,36.4952087402344,38.883602142334
568,Kayseri,Sarıoğlan,568,35.9068717956543,39.1082916259766
569,Kayseri,Sarız,569,36.5386085510254,38.5543899536133
570,Kayseri,Talas,570,35.6483612060547,38.6765823364258
571,Kayseri,Tomarza,571,35.945987701416,38.5000534057617
572,Kayseri,Yahyalı,572,35.4648590087891,38.1354217529297
573,Kayseri,Yeşilhisar,573,35.1345825195312,38.4254722595215
574,Kilis,Elbeyli,574,37.4185562133789,36.7065620422363
575,Kilis,Merkez,575,37.1557464599609,36.7387313842773
576,Kilis,Musabeyli,576,37.0123291015625,36.9070739746094
577,Kilis,Polateli,577,37.16552734375,36.8400421142578
578,Kinkkale,Çelebi,578,33.4610862731934,39.3054466247559
579,Kinkkale,Bahşılı,579,33.3603019714355,39.5200805664062
580,Kinkkale,Balışeyh,580,33.7308654785156,39.8886337280273
581,Kinkkale,Delice,581,33.9999618530273,39.9924736022949
582,Kinkkale,Karakeçili,582,33.3406143188477,39.3922271728516
583,Kinkkale,Keskin,583,33.6957893371582,39.5860252380371
584,Kinkkale,"Merkez

",584,33.5282974243164,39.6737289428711
585,Kinkkale,Sulakyurt,585,33.7702903747559,40.1405563354492
586,Kinkkale,Yahşihan,586,33.4077415466309,39.7111167907715
587,Kirklareli,Babaeski,587,27.1170482635498,41.4891738891602
588,Kirklareli,Demirköy,588,27.8137283325195,41.8589019775391
589,Kirklareli,Kofçaz,589,27.152961730957,42.0095939636231
590,Kirklareli,Lüleburgaz,590,27.4479732513428,41.4087333679199
591,Kirklareli,Merkez,591,27.2440986633301,41.7967910766602
592,Kirklareli,Pınarhisar,592,27.5487213134766,41.636848449707
593,Kirklareli,Pehlivanköy,593,26.9547061920166,41.3820381164551
594,Kirklareli,Vize,594,27.8648796081543,41.6219787597656
595,Kirsehir,Çiçekdağı,595,34.3896064758301,39.5856056213379
596,Kirsehir,Akçakent,596,34.0734024047852,39.6580123901367
597,Kirsehir,Akpınar,597,33.9746170043945,39.4693183898926
598,Kirsehir,Boztepe,598,34.4161682128906,39.3548240661621
599,Kirsehir,Kaman,599,33.7836799621582,39.2740821838379
600,Kirsehir,Merkez,600,34.1517906188965,39.1427688598633
601,Kirsehir,Mucur,601,34.4768753051758,39.1274909973144
602,Kocaeli,Derince,602,29.8729572296143,40.9260025024414
603,Kocaeli,Gölcük,603,29.7878589630127,40.6609840393066
604,Kocaeli,Gebze,604,29.5151557922363,40.8928298950195
605,Kocaeli,Körfez,605,29.7306060791016,40.9004173278809
606,Kocaeli,Kandıra,606,30.1400928497314,41.0366592407227
607,Kocaeli,Karamürsel,607,29.5554313659668,40.6321182250977
608,Kocaeli,Merkez,608,30.0454654693603,40.7760581970215
609,Konya,Çeltik,609,31.9040050506592,39.015079498291
610,Konya,Çumra,610,32.7668609619141,37.482307434082
611,Konya,Ahırlı,611,32.0830993652344,37.2383193969727
612,Konya,Akören,612,32.3309326171875,37.4115562438965
613,Konya,Akşehir,613,31.4806976318359,38.3484725952148
614,Konya,Altınekin,614,32.9009208679199,38.2799682617187
615,Konya,Beyşehir,615,31.6856842041016,37.6889839172363
616,Konya,Bozkır,616,32.3449897766113,37.1487693786621
617,Konya,Cihanbeyli,617,32.9186058044434,38.6825294494629
618,Konya,Derbent,618,32.066837310791,37.9770965576172
619,Konya,Derebucak,619,31.5183925628662,37.3974304199219
620,Konya,Doğanhisar,620,31.6691818237305,38.1180801391602
621,Konya,Emirgazi,621,33.8872375488281,37.8955955505371
622,Konya,Ereğli,622,34.1002731323242,37.6128730773926
623,Konya,Güneysınır,623,32.7395629882812,37.2622337341309
624,Konya,Hüyük,624,31.59202003479,37.913990020752
625,Konya,Hadım,625,32.4622993469238,36.9572067260742
626,Konya,Halkapınar,626,34.2651405334473,37.329174041748
627,Konya,Ilgın,627,31.9388446807861,38.2275238037109
628,Konya,Kadınhanı,628,32.2350044250488,38.3536758422852
629,Konya,Karapınar,629,33.4432563781738,37.6778564453125
630,Konya,Karatay,630,32.9946746826172,37.8812866210937
631,Konya,Kulu,631,33.1091995239258,39.0179672241211
632,Konya,Meram,632,32.2573013305664,37.6990013122559
633,Konya,Sarayönü,633,32.4598770141602,38.3773765563965
634,Konya,Selçuklu,634,32.565315246582,38.0183448791504
635,Konya,Seydişehir,635,31.912296295166,37.4526977539062
636,Konya,Taşkent,636,32.5470542907715,36.8468589782715
637,Konya,Tuzlukçu,637,31.684549331665,38.4892883300781
638,Konya,Yalıhüyük,638,32.0482482910156,37.2825584411621
639,Konya,Yunak,639,32.0761604309082,38.7666931152344
640,Malatya,Akçadağ,640,37.9311943054199,38.3552436828613
641,Malatya,Arapkir,641,38.4880752563477,38.9618110656738
642,Malatya,"Arguvan

",642,38.2857055664062,38.8498649597168
643,Malatya,Battalgazi,643,38.4667930603027,38.4208450317383
644,Malatya,Darende,644,37.5382080078125,38.572868347168
645,Malatya,Doğanşehir,645,37.8931655883789,38.0045051574707
646,Malatya,Doğanyol,646,39.0321426391602,38.2608604431152
647,Malatya,Hekimhan,647,37.951286315918,38.7803535461426
648,Malatya,Kale,648,38.767692565918,38.3497505187988
649,Malatya,Kuluncak,649,37.6872978210449,38.8631362915039
650,Malatya,Merkez,650,38.4444046020508,38.3184967041016
651,Malatya,Pötürge,651,38.8357734680176,38.1843643188477
652,Malatya,Yazıhan,652,38.1939811706543,38.5617408752441
653,Malatya,Yeşilyurt,653,38.1750755310059,38.2179298400879
654,Manisa,Ahmetli,654,27.9116191864014,38.5243682861328
655,Manisa,Akhisar,655,27.8865451812744,38.9603652954102
656,Manisa,Alaşehir,656,28.538969039917,38.326732635498
657,Manisa,Demirci,657,28.6602172851562,38.9342308044434
658,Manisa,Gölmarmara,658,27.9817161560059,38.6979446411133
659,Manisa,Gördes,659,28.2850646972656,38.9336433410645
660,Manisa,Kırkağaç,660,27.7932739257812,39.1808853149414
661,Manisa,Köprübaşı,661,28.3520927429199,38.7369956970215
662,Manisa,Kula,662,28.6697273254394,38.5433044433594
663,Manisa,Merkez,663,27.4000949859619,38.7106018066406
664,Manisa,Salihli,664,28.206729888916,38.5412101745605
665,Manisa,Sarıgöl,665,28.7649002075195,38.226879119873
666,Manisa,Saruhanlı,666,27.635534286499,38.7821884155273
667,Manisa,Selendi,667,28.8579387664795,38.7629699707031
668,Manisa,Soma,668,27.59010887146,39.2353515625
669,Manisa,Turgutlu,669,27.7726535797119,38.4945411682129
670,Mardin,Ömerli,670,41.0857009887695,37.4046821594238
671,Mardin,Dargeçit,671,41.7878570556641,37.5989227294922
672,Mardin,Derik,672,40.1723861694336,37.3462600708008
673,Mardin,Kızıltepe,673,40.4980850219727,37.1442184448242
674,Mardin,Mazıdağı,674,40.429141998291,37.4982833862305
675,Mardin,"Merkez

",675,40.912956237793,37.2854690551758
676,Mardin,Midyat,676,41.4603958129883,37.439338684082
677,Mardin,Nusaybin,677,41.4979019165039,37.214225769043
678,Mardin,Savur,678,40.8457565307617,37.6201515197754
679,Mardin,Yeşilli,679,40.9078216552734,37.400032043457
680,Mersin,Çamlıyayla,680,34.5642318725586,37.1628646850586
681,Mersin,Anamur,681,32.7938957214355,36.2521209716797
682,Mersin,Aydıncık,682,33.3041725158691,36.2151527404785
683,Mersin,Bozyazı,683,33.0550117492676,36.2145004272461
684,Mersin,Erdemli,684,34.1036643981934,36.8209762573242
685,Mersin,Gülnar,685,33.3583602905273,36.3586730957031
686,Mersin,Merkez,686,34.4262619018555,36.9591217041016
687,Mersin,Mut,687,33.398063659668,36.7184791564941
688,Mersin,Silifke,688,33.8162460327148,36.5823707580566
689,Mersin,Tarsus,689,34.8190574645996,37.0597381591797
690,Mugla,Bodrum,690,27.4887924194336,37.0582542419434
691,Mugla,Dalaman,691,28.944803237915,36.8432426452637
692,Mugla,Datça,692,27.6798973083496,36.7416725158691
693,Mugla,Fethiye,693,29.3229446411133,36.7112731933594
694,Mugla,Köyceğiz,694,28.7261829376221,36.9984970092773
695,Mugla,Kavaklıdere,695,28.357250213623,37.473030090332
696,Mugla,Marmaris,696,28.1873092651367,36.814151763916
697,Mugla,Merkez,697,28.4379196166992,37.2279510498047
698,Mugla,Milas,698,27.7319602966309,37.2843894958496
699,Mugla,Ortaca,699,28.700366973877,36.7838745117187
700,Mugla,Ula,700,28.4506130218506,37.073184967041
701,Mugla,Yatağan,701,28.1261024475098,37.3539123535156
702,Mus,Bulanık,702,42.1997566223145,39.0717239379883
703,Mus,Hasköy,703,41.8575019836426,38.6704063415527
704,Mus,Korkut,704,41.9488143920898,38.8194770812988
705,Mus,Malazgirt,705,42.5052871704102,39.2108840942383
706,Mus,Merkez,706,41.5424880981445,38.8488655090332
707,Mus,Varto,707,41.484546661377,39.1903800964355
708,Nevsehir,Acıgöl,708,34.4963493347168,38.5417671203613
709,Nevsehir,Ürgüp,709,34.9494132995605,38.6334381103516
710,Nevsehir,"Avanos

",710,34.8739585876465,38.9346809387207
711,Nevsehir,Derinkuyu,711,34.7511672973633,38.4324417114258
712,Nevsehir,Gülşehir,712,34.4683418273926,38.7621574401855
713,Nevsehir,Hacıbektaş,713,34.652286529541,39.0107841491699
714,Nevsehir,Kozaklı,714,34.7784576416016,39.2830238342285
715,Nevsehir,Merkez,715,34.7206344604492,38.6192016601562
716,Nigde,Çamardı,716,35.1073837280273,37.973804473877
717,Nigde,Çiftlik,717,34.4872207641602,38.2888145446777
718,Nigde,Altunhisar,718,34.3593826293945,38.0588264465332
719,Nigde,Bor,719,34.5666351318359,37.8558654785156
720,Nigde,Merkez,720,34.8115119934082,38.1651039123535
721,Nigde,Ulukışla,721,34.6464958190918,37.5617713928223
722,Ordu,İkizce,722,37.0668182373047,41.0490341186523
723,Ordu,Çamaş,723,37.5528297424316,40.8832626342773
724,Ordu,Çaybaşı,724,37.0444450378418,40.9745292663574
725,Ordu,Akkuş,725,36.9834632873535,40.8166465759277
726,Ordu,Ünye,726,37.2705497741699,41.0263481140137
727,Ordu,Aybastı,727,37.4452934265137,40.6547622680664
728,Ordu,Fatsa,728,37.5322723388672,40.9679183959961
729,Ordu,Gölköy,729,37.6594429016113,40.6764678955078
730,Ordu,Gülyalı,730,38.0506973266602,40.9327774047852
731,Ordu,Gürgentepe,731,37.6045036315918,40.815788269043
732,Ordu,Kabadüz,732,37.983325958252,40.7253227233887
733,Ordu,Kabataş,733,37.4844741821289,40.7886199951172
734,Ordu,Korgan,734,37.3695755004883,40.7794609069824
735,Ordu,Kumru,735,37.2748832702637,40.836181640625
736,Ordu,Merkez,736,37.8868141174316,40.9191055297852
737,Ordu,Mesudiye,737,37.8618316650391,40.5199966430664
738,Ordu,Perşembe,738,37.7248458862305,41.0327377319336
739,Ordu,Ulubey,739,37.7779235839844,40.8209381103516
740,Osmaniye,Bahçe,740,36.6004638671875,37.2398376464844
741,Osmaniye,Düziçi,741,36.4325141906738,37.2865409851074
742,Osmaniye,Hasanbeyli,742,36.5109329223633,37.140323638916
743,Osmaniye,"Kadirli

",743,36.1209831237793,37.355152130127
744,Osmaniye,Merkez,744,36.3489036560059,37.0555191040039
745,Osmaniye,Sumbas,745,36.0103530883789,37.4287033081055
746,Osmaniye,Toprakkale,746,36.1609306335449,37.1293487548828
747,Rize,İkizdere,747,40.6432952880859,40.7098693847656
748,Rize,İyidere,748,40.3948860168457,40.9923057556152
749,Rize,Çamlıhemşin,749,40.9709625244141,40.8848686218262
750,Rize,Çayeli,750,40.7642135620117,40.9508247375488
751,Rize,Ardeşen,751,41.1243743896484,41.0326995849609
752,Rize,Derepazarı,752,40.4496307373047,41.0065383911133
753,Rize,Fındıklı,753,41.2369918823242,41.1561622619629
754,Rize,Güneysu,754,40.6418037414551,40.947437286377
755,Rize,Hemşin,755,40.869743347168,41.0008125305176
756,Rize,Kalkandere,756,40.485954284668,40.9172554016113
757,Rize,Merkez,757,40.5907211303711,40.9475975036621
758,Rize,Pazar,758,40.8677444458008,41.1386566162109
759,Sakarya,Akyazı,759,30.7502288818359,40.6422119140625
760,Sakarya,Ferizli,760,30.5439682006836,40.9871215820313
761,Sakarya,Geyve,761,30.3207817077637,40.5095024108887
762,Sakarya,Hendek,762,30.7769031524658,40.8040809631348
763,Sakarya,Karapürçek,763,30.5765190124512,40.6314697265625
764,Sakarya,Karasu,764,30.6711349487305,41.0382690429688
765,Sakarya,Kaynarca,765,30.4020824432373,41.0410575866699
766,Sakarya,Kocaali,766,30.9075107574463,40.9827423095703
767,Sakarya,Merkez,767,30.4433555603027,40.7994422912598
768,Sakarya,Pamukova,768,30.1221446990967,40.5501823425293
769,Sakarya,Söğütlü,769,30.5258197784424,40.8992004394531
770,Sakarya,Sapanca,770,30.3436584472656,40.6909637451172
771,Sakarya,Taraklı,771,30.546329498291,40.442741394043
772,Samsun,Çarşamba,772,36.6720657348633,41.2070960998535
773,Samsun,Alaçam,773,35.5735206604004,41.4968681335449
774,Samsun,Asarcik,774,36.3301887512207,41.0023918151856
775,Samsun,Ayvacık,775,36.5508460998535,40.9527206420898
776,Samsun,Bafra,776,35.8429794311523,41.4584312438965
777,Samsun,Havza,777,35.736888885498,41.0652618408203
778,Samsun,Kavak,778,36.0412063598633,41.0944442749023
779,Samsun,Ladik,779,35.9751968383789,40.9204216003418
780,Samsun,Merkez,780,36.2179870605469,41.2408905029297
781,Samsun,Ondokuz Mayıs,781,36.0491676330566,41.4631767272949
782,Samsun,Salıpazarı,782,36.8061561584473,40.9953575134277
783,Samsun,Tekkeköy,783,36.4676284790039,41.1342277526856
784,Samsun,Terme,784,36.9417762756348,41.1833724975586
785,Samsun,"Vezirköprü

",785,35.3059959411621,41.1841354370117
786,Samsun,Yakakent,786,35.5234909057617,41.6082420349121
787,Sanliurfa,"Akçakale

",787,38.8046798706055,36.7900314331055
788,Sanliurfa,Birecik,788,38.0908317565918,37.0457000732422
789,Sanliurfa,Bozova,789,38.4319114685059,37.3287963867187
790,Sanliurfa,Ceylanpınar,790,39.7549018859863,36.9066352844238
791,Sanliurfa,Halfeti,791,37.9998588562012,37.2595062255859
792,Sanliurfa,Harran,792,39.1776809692383,36.7958068847656
793,Sanliurfa,Hilvan,793,38.9581108093262,37.5253829956055
794,Sanliurfa,Merkez,794,38.9481430053711,37.1240463256836
795,Sanliurfa,Siverek,795,39.4095153808594,37.6572494506836
796,Sanliurfa,Suruç,796,38.3561172485352,36.9709701538086
797,Sanliurfa,Viranşehir,797,39.7606773376465,37.2259788513184
798,Siirt,Aydınlar,798,42.0599403381348,37.9710426330566
799,Siirt,Şirvan,799,42.2342796325684,38.0832099914551
800,Siirt,Baykan,800,41.8116798400879,38.0953330993652
801,Siirt,Eruh,801,42.1466445922852,37.8135719299316
802,Siirt,Kurtalan,802,41.6660881042481,37.9124145507812
803,Siirt,Merkez,803,41.9064254760742,37.9531478881836
804,Siirt,Pervari,804,42.6784744262695,37.9429244995117
805,Sinop,Ayancık,805,34.5987663269043,41.8189735412598
806,Sinop,Boyabat,806,34.7150764465332,41.4921951293945
807,Sinop,Dikmen,807,35.3074111938477,41.5856132507324
808,Sinop,Durağan,808,35.1769409179687,41.417667388916
809,Sinop,Erfelek,809,34.8645553588867,41.8688125610352
810,Sinop,Gerze,810,35.0841407775879,41.7228622436523
811,Sinop,Merkez,811,35.0008964538574,41.9172477722168
812,Sinop,Saraydüzü,812,34.8005599975586,41.2869758605957
813,Sinop,Türkeli,813,34.3252563476562,41.8621406555176
814,Sirnak,İdil,814,41.9641761779785,37.3464546203613
815,Sirnak,Beytüşşebap,815,43.1756935119629,37.59228515625
816,Sirnak,Cizre,816,42.3582649230957,37.2959594726562
817,Sirnak,Güçlükonak,817,42.0551872253418,37.5793151855469
818,Sirnak,Merkez,818,42.5508155822754,37.6176795959473
819,Sirnak,"Silopi

",819,42.5948219299316,37.2904663085937
820,Sirnak,Uludere,820,43.044303894043,37.4070205688477
821,Sivas,İmranlı,821,38.2110366821289,39.8152694702148
822,Sivas,Akıncılar,822,38.3512763977051,40.0447769165039
823,Sivas,Altınyayla,823,36.8053817749023,39.2752304077148
824,Sivas,Şarkışla,824,36.3952217102051,39.4134674072266
825,Sivas,Divriği,825,38.0919151306152,39.3655090332031
826,Sivas,"Doğanşar

",826,37.5449447631836,40.1961631774902
827,Sivas,Gölova,827,38.6132926940918,40.0257682800293
828,Sivas,Gürün,828,37.1778106689453,38.8089370727539
829,Sivas,Gemerek,829,36.0910301208496,39.282772064209
830,Sivas,Hafik,830,37.3724365234375,39.9054679870605
831,Sivas,Kangal,831,37.4130325317383,39.2143173217773
832,Sivas,Koyulhisar,832,37.8580551147461,40.2896156311035
833,Sivas,Merkez,833,36.9695739746094,39.6893844604492
834,Sivas,Suşehri,834,38.1288261413574,40.1636581420898
835,Sivas,Ulaş,835,37.0659942626953,39.456974029541
836,Sivas,Yıldızeli,836,36.5290641784668,39.8726844787598
837,Sivas,Zara,837,37.780948638916,39.8215103149414
838,Tekirdag,Çerkezköy,838,28.063663482666,41.362190246582
839,Tekirdag,Çorlu,839,27.8581027984619,41.2121925354004
840,Tekirdag,Şarköy,840,27.1934108734131,40.7295379638672
841,Tekirdag,Hayrabolu,841,27.136302947998,41.2040596008301
842,Tekirdag,Malkara,842,26.9479427337646,40.9232139587402
843,Tekirdag,Marmaraereğlisi,843,27.9825534820557,41.0587577819824
844,Tekirdag,Merkez,844,27.4146480560303,41.0086708068848
845,Tekirdag,Muratlı,845,27.5799751281738,41.1883506774902
846,Tekirdag,Saray,846,27.9472427368164,41.4655876159668
847,Tokat,Almus,847,37.0678939819336,40.2748146057129
848,Tokat,Artova,848,36.2819709777832,40.1152076721191
849,Tokat,Başçiftlik,849,37.1153259277344,40.506462097168
850,Tokat,Erbaa,850,36.6125183105469,40.6913871765137
851,Tokat,"Merkez

",851,36.5989952087402,40.270809173584
852,Tokat,Niksar,852,36.9833984375,40.5775299072266
853,Tokat,Pazar,853,36.2838897705078,40.2235221862793
854,Tokat,Reşadiye,854,37.3746299743652,40.433952331543
855,Tokat,Sulusaray,855,36.0841026306152,40.006290435791
856,Tokat,"Turhal

",856,36.1633529663086,40.3949432373047
857,Tokat,Yeşilyurt,857,36.3062210083008,40.0075721740723
858,Tokat,Zile,858,35.8439979553223,40.2109489440918
859,Trabzon,Çarşıbaşı,859,39.3679809570312,41.038501739502
860,Trabzon,Çaykara,860,40.2868270874023,40.6235160827637
861,Trabzon,Akçaabat,861,39.4966201782227,40.966194152832
862,Trabzon,Araklı,862,39.9512214660645,40.7417106628418
863,Trabzon,Arsin,863,39.9065208435059,40.8486747741699
864,Trabzon,Şalpazarı,864,39.1546211242676,40.8807716369629
865,Trabzon,Beşikdüzü,865,39.1956100463867,41.0141143798828
866,Trabzon,Düzköy,866,39.3994903564453,40.8657989501953
867,Trabzon,Dernekpazarı,867,40.2754859924316,40.8079109191895
868,Trabzon,Hayrat,868,40.4236907958984,40.784122467041
869,Trabzon,Köprübaşı,869,40.120304107666,40.7158203125
870,Trabzon,Maçka,870,39.5588493347168,40.7262916564941
871,Trabzon,Merkez,871,39.6958923339844,40.9459762573242
872,Trabzon,Of,872,40.2945785522461,40.9042205810547
873,Trabzon,Sürmene,873,40.0826416015625,40.8144264221191
874,Trabzon,Tonya,874,39.2568168640137,40.8390922546387
875,Trabzon,Vakfıkebir,875,39.3044509887695,40.9767112731934
876,Trabzon,Yomra,876,39.8137321472168,40.8481369018555
877,Tunceli,Çemişgezek,877,38.9055595397949,39.0480079650879
878,Tunceli,"Hozat

",878,39.2393951416016,39.1293640136719
879,Tunceli,Mazgirt,879,39.7410697937012,38.9524307250977
880,Tunceli,Merkez,880,39.630256652832,39.1514129638672
881,Tunceli,Nazımiye,881,39.9219551086426,39.218864440918
882,Tunceli,Ovacık,882,39.2921829223633,39.3468894958496
883,Tunceli,Pülümür,883,40.0819931030273,39.4380493164062
884,Tunceli,Pertek,884,39.363468170166,38.9008407592773
885,Usak,Banaz,885,29.7138805389404,38.7336883544922
886,Usak,Eşme,886,29.0129737854004,38.4411735534668
887,Usak,Karahallı,887,29.5251274108887,38.3115234375
888,Usak,Merkez,888,29.3437690734863,38.6490936279297
889,Usak,Sivaslı,889,29.6242961883545,38.4879989624023
890,Usak,Ulubey,890,29.2932071685791,38.3804397583008
891,Van,Özalp,891,44.0456428527832,38.7068214416504
892,Van,Çaldıran,892,43.9781341552734,39.1301155090332
893,Van,Çatak,893,43.2613029479981,37.9752922058105
894,Van,Başkale,894,44.210018157959,37.9598236083984
895,Van,Bahçesaray,895,42.9650611877441,38.095100402832
896,Van,Edremit,896,43.2250022888184,38.4668769836426
897,Van,Erciş,897,43.3370819091797,39.1334342956543
898,Van,Gürpınar,898,43.748477935791,38.111499786377
899,Van,Gevaş,899,42.9910507202149,38.3311767578125
900,Van,Merkez,900,43.455883026123,38.6761131286621
901,Van,Muradiye,901,43.7175216674805,39.0116233825684
902,Van,Saray,902,44.2519302368164,38.4551200866699
903,Yalova,Çınarcık,903,29.0491542816162,40.604362487793
904,Yalova,Çiftlikköy,904,29.356294631958,40.6380767822266
905,Yalova,Altınova,905,29.4097023010254,40.624210357666
906,Yalova,Armutlu,906,28.922758102417,40.5269660949707
907,Yalova,Merkez,907,29.2461051940918,40.6052970886231
908,Yalova,Termal,908,29.1574687957764,40.6048049926758
909,Yozgat,Çandır,909,35.5001411437988,39.2723388671875
910,Yozgat,Çayıralan,910,35.7172355651855,39.3920860290527
911,Yozgat,Çekerek,911,35.5097846984863,40.0142440795898
912,Yozgat,Akdağmadeni,912,35.8397178649902,39.7038612365723
913,Yozgat,Aydıncık,913,35.2889862060547,40.1391105651855
914,Yozgat,Şefaatli,914,34.7862510681152,39.5307769775391
915,Yozgat,Boğazlıyan,915,35.2288932800293,39.2372512817383
916,Yozgat,Kadışehri,916,35.8206405639648,39.9841079711914
917,Yozgat,Merkez,917,34.8194046020508,39.8221321105957
918,Yozgat,Sarıkaya,918,35.4117698669434,39.514045715332
919,Yozgat,Saraykent,919,35.5854339599609,39.792308807373
920,Yozgat,Sorgun,920,35.2467269897461,39.804443359375
921,Yozgat,Yenifakılı,921,34.9964141845703,39.2733154296875
922,Yozgat,Yerköy,922,34.3961334228516,39.7840995788574
923,Zinguldak,Çaycuma,923,32.0890960693359,41.4059371948242
924,Zinguldak,Alaplı,924,31.425910949707,41.1338500976563
925,Zinguldak,Devrek,925,31.9405250549316,41.144889831543
926,Zinguldak,Ereğli,926,31.6057605743408,41.2125968933106
927,Zinguldak,Gökçebey,927,32.1919174194336,41.2697944641113
928,Zinguldak,Merkez,928,31.8631916046143,41.3870086669922
